epoch,accuracy,loss,val_accuracy,val_loss
0,0.942966639995575,0.17970606684684753,NA,NA
1,0.9857833385467529,0.04819811135530472,NA,NA
2,0.9896833300590515,0.03382163494825363,NA,NA
3,0.9918833374977112,0.025578418746590614,NA,NA
4,0.9934999942779541,0.020091958343982697,NA,NA
