epoch,accuracy,loss,val_accuracy,val_loss
0,0.955133318901062,0.14177340269088745,NA,NA
1,0.9870833158493042,0.04424348101019859,NA,NA
2,0.9903666377067566,0.03197531774640083,NA,NA
3,0.9930333495140076,0.024936765432357788,NA,NA
4,0.9945666790008545,0.0184016190469265,NA,NA
