epoch,accuracy,loss,val_accuracy,val_loss
0,0.923550009727478,0.2431057244539261,NA,NA
1,0.9832333326339722,0.05393947288393974,NA,NA
2,0.9880333542823792,0.03688086196780205,NA,NA
3,0.991266667842865,0.027324248105287552,NA,NA
4,0.9932500123977661,0.02129022404551506,NA,NA
