epoch,accuracy,loss,val_accuracy,val_loss
0,0.9389333128929138,0.1966107189655304,NA,NA
1,0.9831666946411133,0.05409535393118858,NA,NA
2,0.9888666868209839,0.037164751440286636,NA,NA
3,0.9908499717712402,0.029482431709766388,NA,NA
4,0.9929999709129333,0.02347656339406967,NA,NA
