epoch,accuracy,loss,val_accuracy,val_loss
0,0.9467833042144775,0.16821002960205078,NA,NA
1,0.9851999878883362,0.046512067317962646,NA,NA
2,0.9905333518981934,0.03196943923830986,NA,NA
3,0.9926666617393494,0.02503434382379055,NA,NA
4,0.9942166805267334,0.018931781873106956,NA,NA
