epoch,accuracy,loss,val_accuracy,val_loss
0,0.9453833103179932,0.17275194823741913,NA,NA
1,0.9871333241462708,0.04244425892829895,NA,NA
2,0.9907166957855225,0.030166776850819588,NA,NA
3,0.9926999807357788,0.023184044286608696,NA,NA
4,0.9941333532333374,0.018297428265213966,NA,NA
