epoch,accuracy,loss,val_accuracy,val_loss
0,0.9571666717529297,0.1379064917564392,NA,NA
1,0.9861666560173035,0.04379664734005928,NA,NA
2,0.9907166957855225,0.0306834913790226,NA,NA
3,0.9924833178520203,0.0244184210896492,NA,NA
4,0.9940000176429749,0.019547872245311737,NA,NA
