epoch,accuracy,loss,val_accuracy,val_loss
0,0.9451000094413757,0.17732320725917816,NA,NA
1,0.9857333302497864,0.04625994712114334,NA,NA
2,0.9900500178337097,0.03213460370898247,NA,NA
3,0.9924666881561279,0.02444452978670597,NA,NA
4,0.9942166805267334,0.018951166421175003,NA,NA
