epoch,accuracy,loss,val_accuracy,val_loss
0,0.9378166794776917,0.20059043169021606,NA,NA
1,0.983299970626831,0.05451106280088425,NA,NA
2,0.9881500005722046,0.03911149501800537,NA,NA
3,0.9911166429519653,0.03020373359322548,NA,NA
4,0.9924333095550537,0.024517681449651718,NA,NA
