epoch,accuracy,loss,val_accuracy,val_loss
0,0.95660001039505,0.13544227182865143,NA,NA
1,0.9872333407402039,0.04157286509871483,NA,NA
2,0.9908166527748108,0.030553573742508888,NA,NA
3,0.9925333261489868,0.02429022267460823,NA,NA
4,0.9944499731063843,0.019536711275577545,NA,NA
